Дата,Затронутые страницы
2026-02-07,4397
2026-02-08,4525
2026-02-09,4525
2026-02-10,4525
2026-02-11,4736
2026-02-12,4736
2026-02-13,4736
2026-02-14,4736
2026-02-15,4780
2026-02-16,4780
2026-02-17,4780
2026-02-18,4825
2026-02-19,4825
2026-02-20,4825
2026-02-21,4825
2026-02-22,4876
2026-02-23,4876
2026-02-24,4876
2026-02-25,4850
2026-02-26,4850
2026-02-27,4850
2026-02-28,4850
2026-03-01,4850
2026-03-02,4850
2026-03-03,4850
2026-03-04,4870
2026-03-05,4870
2026-03-06,4870
2026-03-07,4870
2026-03-08,5004
2026-03-09,5004
2026-03-10,5004
2026-03-11,5091
2026-03-12,5091
2026-03-13,5091
2026-03-14,5091
2026-03-15,5091
2026-03-16,5137
2026-03-17,5137
2026-03-18,5170
2026-03-19,5170
2026-03-20,5170
2026-03-21,5170
2026-03-22,5233
2026-03-23,5233
2026-03-24,5233
2026-03-25,5249
2026-03-26,5249
2026-03-27,5249
2026-03-28,5249
2026-03-29,5263
2026-03-30,5263
2026-03-31,5263
2026-04-01,5270
2026-04-02,5270
2026-04-03,5270
2026-04-04,5270
2026-04-05,5275
2026-04-06,5275
2026-04-07,5336
2026-04-08,5336
2026-04-09,5336
2026-04-10,5336
2026-04-11,5447
2026-04-12,5447
2026-04-13,5447
2026-04-14,5639
2026-04-15,5639
2026-04-16,5639
2026-04-17,5639
2026-04-18,5719
2026-04-19,5719
2026-04-20,5719
2026-04-21,5823
2026-04-22,5823
2026-04-23,5823
2026-04-24,5823
2026-04-25,5880
2026-04-26,5880
2026-04-27,5880
2026-04-28,5891
2026-04-29,5891
2026-04-30,5891
2026-05-01,5891
2026-05-02,5911
2026-05-03,5911
2026-05-04,5911